FAC_NO,FAC_NAME,NETRV_MCAR_TR,NETRV_MCAR_MC,NETRV_MCAL_TR,NETRV_MCAL_MC,NETRV_CNTY,NETRV_THRD_TR,NETRV_THRD_MC,NETRV_OTH_IND,NETRV_OTH,TOT_ASST
106580996,ADVENTIST HEALTH AND RIDEOUT,153232927,28746557,15083335,104441863,0,29301959,103282023,0,8621070,451166992
106150788,ADVENTIST HEALTH BAKERSFIELD,76016756,74991758,21317415,100130013,0,40953543,162812982,0,2054197,390366607
106171049,ADVENTIST HEALTH CLEARLAKE,57292588,7520061,18245918,34025813,0,6065179,25458047,0,4719328,121827575
106150706,ADVENTIST HEALTH DELANO,12377828,8736013,29235474,31887360,0,8689851,3795461,0,4174967,202162322
106190323,ADVENTIST HEALTH GLENDALE,154424212,63345502,31058533,100275831,0,4247197,129928889,0,1889934,351175441
106164029,ADVENTIST HEALTH HANFORD,65182749,25694164,36132402,145448740,0,32892821,90274784,0,1048272,756273046
106234038,ADVENTIST HEALTH HOWARD MEMORIAL,33728038,7182888,2701830,19955574,0,3653310,20094999,0,669774,140974760
106390923,ADVENTIST HEALTH LODI MEMORIAL,59432950,21710871,16244599,49421743,0,8595052,98217280,0,1365482,240345529
106231013,ADVENTIST HEALTH MENDOCINO COAST,30976391,1290775,2169790,7746458,0,12171866,639322,0,234512,33410809
106100797,ADVENTIST HEALTH REEDLEY,33344447,3997772,16204749,104348308,0,3218921,21685568,0,1852718,289898512
106560525,ADVENTIST HEALTH SIMI VALLEY,47970816,24198091,7086992,23404639,0,2068012,86289650,0,1595209,175402885
106554011,ADVENTIST HEALTH SONORA - GREENLEY,116031844,6273742,19413641,46161226,0,14241839,85885824,0,1788515,379691130
106281078,ADVENTIST HEALTH ST. HELENA,75987748,20372168,12842973,51144976,0,8688661,58129549,0,1647419,161588618
106154168,ADVENTIST HEALTH TEHACHAPI VALLEY,8735481,9953875,1953863,10033325,0,6587087,15191268,0,164537,73029438
106540816,ADVENTIST HEALTH TULARE,8238049,277764,6459151,16642548,0,293551,1953596,0,0,47090497
106231396,ADVENTIST HEALTH UKIAH VALLEY,73805109,7080202,10364947,75363831,0,7895554,46540547,0,629896,259016371
106481015,ADVENTIST HEALTH VALLEJO,6464418,3270076,5267840,0,0,705386,10723804,0,11079,4214012
106190878,ADVENTIST HEALTH WHITE MEMORIAL,57867853,66697836,114452732,167904446,0,12178143,29206617,0,10537751,784724749
106301098,AHMC ANAHEIM REGIONAL MEDICAL CENTER,24888985,53965451,42263883,39722929,0,5172108,14592161,0,401556,59970753
106410817,AHMC SETON MEDICAL CENTER,42888766,34645234,4280907,51316442,0,26502925,29532495,0,117723,79012659
106010735,ALAMEDA HOSPITAL,25274369,5838052,42819670,14666198,0,951363,14888873,353577,17621,42355652
106190017,ALHAMBRA HOSPITAL MEDICAL CENTER,62675890,48582496,101551793,11865004,0,737210,11813911,0,98966,179078523
106010739,ALTA BATES SUMMIT MEDICAL CENTER - ALTA BATES CAMPUS,99632511,31633590,61974651,81736610,78883,47753111,295622150,0,346106,325330445
106010937,ALTA BATES SUMMIT MEDICAL CENTER - SUMMIT HAWTHORNE,129286962,48192673,43606188,78905766,75,30454394,166132755,0,115231,930756968
106370652,ALVARADO HOSPITAL,46970199,13965559,14170373,28618055,18324,2945634,12308071,0,0,128517802
106370749,ALVARADO PARKWAY INSTITUTE BHS,13209703,3923189,3264471,0,0,9037882,1866649,0,55176,20187472
106194010,AMERICAN RECOVERY CENTER,0,0,0,0,9071952,3800,0,0,0,9615633
106301188,ANAHEIM GLOBAL MEDICAL CENTER,11619710,7876917,24780307,21179129,0,849240,11107970,0,561398,30890604
106190034,ANTELOPE VALLEY HOSPITAL,77822050,100332694,52863166,100440814,0,10066067,117773778,0,2203280,580183773
106364231,ARROWHEAD REGIONAL MEDICAL CENTER,59665547,42706111,152198148,274158853,0,132244520,0,0,12424508,1013547767
106400683,ATASCADERO STATE HOSPITAL,0,0,0,0,0,0,0,0,0,0
106494048,AURORA BEHAVIORAL HEALTHCARE - SANTA ROSA,4532805,1153325,10257303,0,5097315,0,9893316,0,53432,22085431
106190163,AURORA CHARTER OAK,8451006,4185580,5050589,0,16452823,0,13935234,3244,170033,62847461
106190462,AURORA LAS ENCINAS HOSPITAL,7311046,1570269,184021,18913,8226493,1788762,14197663,45258,604344,17970648
106374024,AURORA SAN DIEGO,853910,1264964,68722,0,201710,0,34388183,6000,49717,37980274
106560203,AURORA VISTA DEL MAR HOSPITAL,3792307,722063,3213021,0,2310914,0,7763195,429,75557,17140742
106154044,BAKERSFIELD BEHAVIORAL HEALTHCARE HOSPITAL,1643749,352853,8215459,0,2304626,0,6186911,655,11789,5361771
106154101,BAKERSFIELD HEART HOSPITAL,28396881,10913647,110994,479196,0,1638152,4941370,0,24878781,128308993
106150722,BAKERSFIELD MEMORIAL HOSPITAL,91357052,69851347,39917764,141363895,0,12889773,176158631,0,472625,871000367
106364121,BALLARD REHABILITATION HOSPITAL,6268703,4441584,2192250,5048926,0,0,7826551,0,0,42078967
106184008,BANNER LASSEN MEDICAL CENTER,12666958,363778,717409,6613708,0,4833208,15888134,0,1766211,39717311
106190052,BARLOW RESPIRATORY HOSPITAL,35303444,4637900,3029199,2019386,0,968612,10470305,0,0,94704934
106364430,BARSTOW COMMUNITY HOSPITAL,7206648,6304213,8437792,10864253,0,4453391,12647267,0,17184337,85864226
106090793,BARTON MEMORIAL HOSPITAL,10303218,3586383,19367622,6980803,0,16127227,93899284,0,5730094,346571160
106361110,BEAR VALLEY COMMUNITY HOSPITAL,2301602,0,10646838,0,0,16618860,0,0,1092184,56301605
106190081,BEVERLY HOSPITAL,25923404,23125971,19940595,73067902,0,352347,27049908,0,258959,202093483
106190020,BHC ALHAMBRA HOSPITAL,6118210,910765,5165017,0,0,7515713,19341463,0,0,162520400
106044006,BUTTE COUNTY MENTAL HEALTH - PHF,0,0,0,0,0,1816535,0,0,0,0
106190125,CALIFORNIA HOSPITAL MEDICAL CENTER,25058577,33679700,80751442,319598841,0,4750141,46691515,4419440,184071,776981481
106384202,CALIFORNIA PACIFIC MEDICAL CENTER - MISSION BERNAL CAMPUS,38207316,19749791,15096931,20161298,0,6569634,58086405,0,222567,1114604433
106384176,CALIFORNIA PACIFIC MEDICAL CENTER - VAN NESS CAMPUS,245740321,88648130,53867500,127390697,11607,44691919,623594457,0,3444902,3003876902
106190155,CALIFORNIA REHABILITATION INSTITUTE,79709940,9683002,0,150778,0,50378698,565290,0,544806,201590718
106364050,CANYON RIDGE HOSPITAL,6945580,7300165,3880134,0,0,12005675,16063580,0,0,129699976
106190137,CASA COLINA HOSPITAL AND CENTER FOR HEALTH CARE,29301318,15885434,701598,7762310,0,25192423,13661731,0,4180237,514394249
106370033,"CASA PALMERA CARE CENTER, LLC",0,0,0,0,0,0,20302934,0,0,11346511
106190045,CATALINA ISLAND MEDICAL CENTER,5922189,0,2506407,565775,0,5230616,0,1090,37177,10225528
106190500,CEDARS-SINAI MARINA DEL REY HOSPITAL,35053808,24117952,4806608,6743035,0,9856593,61972100,-2,-1608851,185230753
106190555,CEDARS-SINAI MEDICAL CENTER,801968789,281707385,68856842,207165594,0,65828292,2262127054,0,63775089,8714572106
106190148,CENTINELA HOSPITAL MEDICAL CENTER,11713565,67466817,37286395,91388479,0,54789416,0,0,99074,411716787
106105125,CENTRAL STAR PSYCHIATRIC HEALTH FACILITY,0,0,0,0,0,5425497,0,0,0,11200520
106500954,CENTRAL VALLEY SPECIALTY HOSPITAL,13376406,0,478612,0,0,37835104,0,0,0,146030980
106301140,CHAPMAN GLOBAL MEDICAL CENTER,8437628,5951492,1073590,5680732,0,15664665,9773763,1,678906,22201149
106434051,CHILDREN'S HEALTHCARE ORGANIZATION OF NORTHERN CA - PEDIATRIC HOSPITAL,0,0,9652396,1897480,0,0,204702,0,0,7007310
106304113,CHILDREN'S HOSPITAL AT MISSION,0,0,2926700,15869184,0,2673381,59729268,0,1204216,61482456
106190170,CHILDREN'S HOSPITAL LOS ANGELES,2135340,0,602447016,118504219,0,61877504,294076645,625,17210959,2047619181
106300032,CHILDREN'S HOSPITAL OF ORANGE COUNTY,225209,0,21181620,345803775,0,8135948,463066362,0,7595106,1509366241
106382715,CHINESE HOSPITAL,17384574,25087646,291705,21569451,0,27065332,38015,0,1605381,304914670
106361144,CHINO VALLEY MEDICAL CENTER,13113772,17300667,16133746,23206380,0,16078102,2020161,0,18360293,154275297
106314029,CIRBY HILLS BEHAVIORAL HEALTH - PHF,0,0,0,0,0,0,0,0,0,930961
106190176,CITY OF HOPE HELFORD CLINICAL RESEARCH HOSPITAL,378343155,104860956,129282856,98022564,0,-2054822,739653977,0,396551,2830279706
106100005,CLOVIS COMMUNITY MEDICAL CENTER,104742559,37923848,6982009,58599277,0,9808726,237349690,6719660,12150968,814445693
106100697,COALINGA REGIONAL MEDICAL CENTER,7547998,0,8895335,0,0,5961415,0,0,2788276,26038867
106105051,COALINGA STATE HOSPITAL,0,0,0,0,0,0,0,0,0,0
106190766,COAST PLAZA HOSPITAL,11343937,7324757,7184027,11253556,0,1366345,3118169,0,54176,26400941
106190184,COLLEGE HOSPITAL,18099031,9718795,3257931,0,0,36832549,4251014,166471,0,24230190
106301155,COLLEGE HOSPITAL COSTA MESA,3912866,1163086,111348089,264577,3046254,44756,3815041,0,30673,19965959
106190587,COLLEGE MEDICAL CENTER,13324634,5633302,148749105,9978102,0,3971537,0,0,57517,123336165
106361458,COLORADO RIVER MEDICAL CENTER,2846761,0,4611052,0,0,1217887,566043,0,142432,13907060
106060870,COLUSA MEDICAL CENTER,9726767,0,10036510,0,0,5001206,0,0,1203703,57936896
106190475,COMMUNITY HOSPITAL LONG BEACH,3052239,1049485,505388,588666,0,1314914,948099,0,1144249,6900820
106190197,COMMUNITY HOSPITAL OF HUNTINGTON PARK,7396964,8345129,22427099,21724356,0,2373645,1956720,0,290103,70145505
106361323,COMMUNITY HOSPITAL OF SAN BERNARDINO,10744626,24156049,72515913,102872836,0,1156356,37577892,0,293498,157501736
106270744,COMMUNITY HOSPITAL OF THE MONTEREY PENINSULA,207644358,25514504,10915343,28068026,0,26327896,424430259,0,3439578,989631299
106560473,COMMUNITY MEMORIAL HOSPITAL OF SAN BUENAVENTURA,92833557,75067073,46346307,38476746,0,9466410,204946215,1,8271717,973567747
106100717,COMMUNITY REGIONAL MEDICAL CENTER - FRESNO,354449018,101713276,226448752,347329587,0,26736643,263946235,0,1080688,1992621410
106070924,CONTRA COSTA REGIONAL MEDICAL CENTER,49173911,0,146136905,231344453,1,27470632,33588470,0,2220350,644524420
106331152,CORONA REGIONAL MEDICAL CENTER - MAIN,25644365,36721866,23551765,50712582,0,16059921,46449445,1185266,7189184,177349652
106154160,CRESTWOOD PSYCHIATRIC HEALTH FACILITY - BAKERSFIELD,0,0,0,0,4581051,0,0,0,0,5177459
106344170,CRESTWOOD PSYCHIATRIC HEALTH FACILITY - CARMICHAEL,0,0,0,0,4681380,0,0,0,0,8388265
106344188,CRESTWOOD PSYCHIATRIC HEALTH FACILITY - SACRAMENTO,0,0,0,0,4740930,0,0,0,0,8453335
106434220,CRESTWOOD PSYCHIATRIC HEALTH FACILITY - SAN JOSE,0,0,0,0,5305472,0,0,0,0,7586724
106484062,CRESTWOOD SOLANO PSYCHIATRIC HEALTH FACILITY,0,0,0,0,4626307,0,0,0,0,4750234
106390846,DAMERON HOSPITAL ASSOCIATION,32855775,21155318,13087196,36690208,0,4103711,30223662,1,587836,96777305
106190232,DEL AMO HOSPITAL,8545261,6450522,8274019,0,5226315,7204034,13828096,0,48677,170623399
106331164,DESERT REGIONAL MEDICAL CENTER,92941558,91558771,83082590,120646033,177326,26884593,234902157,131492,1318067,867717476
106364144,DESERT VALLEY HOSPITAL,28001367,35291575,18355918,50154134,0,20948882,36998104,0,10483,322283731
106190681,DOCS SURGICAL HOSPITAL,5815361,0,0,0,0,14144115,0,0,554906,18492183
106392287,DOCTORS HOSPITAL OF MANTECA,20153446,13309546,4832302,25192493,0,5136349,52864475,0,0,137363801
106331293,DOCTORS HOSPITAL OF RIVERSIDE,23997272,40026508,16610366,34922869,0,1276758,19828919,-1,7548230,117352000
106500852,DOCTORS MEDICAL CENTER - MODESTO,116877813,78355499,97184833,196939600,419768,18533423,248072306,0,707955,857069604
106440755,DOMINICAN HOSPITAL,139892375,25831771,6710004,64086303,0,9842210,205225943,12707852,1378539,1008765560
106190256,EAST LOS ANGELES DOCTOR'S HOSPITAL,4391773,5209361,19130367,37929368,0,1191090,2079853,0,1009034,68012928
106320859,EASTERN PLUMAS HEALTH CARE,11820208,759679,9171659,8494961,9408,4040725,198475,0,404272,39921243
106014233,EDEN MEDICAL CENTER,65806932,26885618,35086045,60633515,34030,19182163,150733965,0,484707,339848567
106331168,EISENHOWER MEDICAL CENTER,431903620,146985272,11004708,86296613,0,35995329,297542929,90,8321825,1205005818
106430763,EL CAMINO HEALTH,264368365,89722924,6664787,24731737,0,30655901,830522301,2317228,24087800,3117600868
106130699,EL CENTRO REGIONAL MEDICAL CENTER,53177050,18931363,11336170,50942990,0,10335703,16848131,1,7199612,230555259
106190298,EMANATE HEALTH FOOTHILL PRESBYTERIAN HOSPITAL,20577695,29115533,8153582,17450639,0,818432,39525663,0,3427155,152542583
106190636,EMANATE HEALTH QUEEN OF THE VALLEY HOSPITAL,76932161,114092760,77541000,121547634,0,2251377,116344546,0,2040829,724490559
106500867,EMANUEL MEDICAL CENTER,61317905,28532450,19856229,69465576,0,7456615,132445687,0,262379,257161617
106190280,ENCINO HOSPITAL MEDICAL CENTER,21777093,6959306,3211428,11854432,0,5155306,665160,0,3534451,53966497
106154022,ENCOMPASS HEALTH REHABILITATION HOSPITAL OF BAKERSFIELD,24774533,3651919,1852239,3595522,0,3312462,2463591,0,0,30302989
106504079,ENCOMPASS HEALTH REHABILITATION HOSPITAL OF MODESTO,14839394,1606374,700279,2305215,0,0,3526339,0,230284,6068263
106334678,ENCOMPASS HEALTH REHABILITATION HOSPITAL OF MURRIETA,9909886,897668,1832551,2781183,0,710670,1663151,1,0,24760021
106040962,ENLOE MEDICAL CENTER - ESPLANADE CAMPUS,278848222,30218883,49820885,59909160,0,25277731,315956625,25113,10843441,720614974
106474007,FAIRCHILD MEDICAL CENTER,45102042,918483,4875961,7330214,0,38330969,0,0,4670550,78178703
106301357,FOOTHILL REGIONAL MEDICAL CENTER,14532882,64237491,7297947,64537878,0,6555039,12291864,0,225685,46506742
106301175,FOUNTAIN VALLEY REGIONAL HOSPITAL AND MC - EUCLID,52698561,56045903,35218152,200977481,65207,2923246,40578214,0,959344,577975083
106014034,FREMONT HOSPITAL,5809305,3758698,9836532,0,13166468,3847988,26703813,0,184755,189861511
106400480,FRENCH HOSPITAL MEDICAL CENTER - SAN LUIS OBISPO,59257766,13982137,2522233,10192211,0,5564805,107216538,380566,625765,149569529
106104047,FRESNO SURGICAL HOSPITAL,35107692,10570456,101074,1811012,0,4957627,39080246,0,446933,171971332
106301283,GARDEN GROVE HOSPITAL AND MEDICAL CENTER,19982182,11730373,15060931,20695542,0,4480728,2790444,0,2096306,124573464
106190315,GARFIELD MEDICAL CENTER,37906755,62004048,8956963,125760784,0,5260349,51872612,0,9913266,214040529
106190317,GATEWAYS HOSPITAL AND MENTAL HEALTH CENTER,0,0,0,0,24001385,9962826,0,0,0,30185875
106270777,GEORGE L. MEE MEMORIAL HOSPITAL,8580736,135462,10076601,42251063,0,1085551,9805852,0,633334,37830021
106190522,GLENDALE MEMORIAL HOSPITAL AND HEALTH CTR,54669292,26318391,19041696,62481758,0,1303554,43835693,1452915,39128,197349509
106420483,GOLETA VALLEY COTTAGE HOSPITAL,25044681,2346946,731755,7705778,0,2499969,65323728,0,771328,221854791
106150775,GOOD SAMARITAN HOSPITAL - BAKERSFIELD,2089359,1613012,10676029,7767305,861082,731039,90880,0,-1,10956552
106190392,GOOD SAMARITAN HOSPITAL - LA,93856654,67261166,62879210,63223810,0,12199710,93356160,2947873,1257766,576121358
106430779,GOOD SAMARITAN HOSPITAL - SAN JOSE,150407193,46138331,16971156,20365056,0,40850517,358707750,904781,172531,989670172
106190352,GREATER EL MONTE COMMUNITY HOSPITAL,9140673,8407637,11421462,32196657,0,482212,5866147,0,1757566,56044961
106350784,HAZEL HAWKINS MEMORIAL HOSPITAL,31839433,7547858,41159012,11324179,1774,7449191,35412247,381610,1262328,105630455
106490964,HEALDSBURG HOSPITAL,17559435,3471182,3273556,17393488,0,8357637,2345948,0,-765002,57660335
106331194,HEMET GLOBAL MEDICAL CENTER,31972588,40913548,38752673,37701319,0,3678987,14383792,0,2038798,344826185
106190949,HENRY MAYO NEWHALL HOSPITAL,51129017,52187993,21943488,17784214,0,10496443,211117876,78875,1353120,629956097
106344021,HERITAGE OAKS HOSPITAL,10849156,4426863,14513483,0,0,14405400,5931130,87648,0,168286115
106362041,HI-DESERT MEDICAL CENTER,11307168,10199577,38975237,9627769,0,4939737,10297164,0,54364,60973376
106010846,HIGHLAND HOSPITAL,120112662,25980124,106109618,255325614,-2,10336743,82863376,1850951,3439632,795562813
106301205,HOAG MEMORIAL HOSPITAL PRESBYTERIAN,287260684,132470260,20433257,56998108,0,36578546,718661503,0,22735168,3973446911
106304460,HOAG ORTHOPEDIC INSTITUTE,38021301,20088624,68210,240811,0,8428866,76419748,0,624586,76368251
106190382,HOLLYWOOD PRESBYTERIAN MEDICAL CENTER,63732177,104529203,58887549,155413187,0,2386305,45001600,925493,1074280,589440938
106301209,HUNTINGTON BEACH HOSPITAL,21057029,7561978,10849220,11806217,0,5453340,4430821,0,93650,103799639
106190400,HUNTINGTON HOSPITAL,149674515,128738164,39059553,54885659,44595,12372674,295697956,0,2483241,1083567564
106121031,JEROLD PHELPS COMMUNITY HOSPITAL,6429805,289352,602873,2909199,0,1077713,153502,46113,132063,22746530
106380842,JEWISH HOME,21251193,9253804,49515641,0,0,0,0,0,156423,277497519
106220733,JOHN C. FREMONT HEALTHCARE DISTRICT,7163461,213385,2652255,3245293,0,7328941,0,0,355387,17015539
106331216,JOHN F. KENNEDY MEMORIAL HOSPITAL,16906799,26300586,19174203,40941036,430929,1237147,43738659,0,349839,95950106
106074039,JOHN MUIR BEHAVIORAL HEALTH CENTER,3342947,1026896,8406381,126848,0,1945752,24875532,0,429009,23329932
106071018,JOHN MUIR MEDICAL CENTER - CONCORD CAMPUS,172496457,47879330,29970715,121727162,0,907871,130335037,1138622,29538285,369766122
106070988,JOHN MUIR MEDICAL CENTER - WALNUT CREEK,362661588,67948514,42027583,149717215,0,18519675,428999439,0,13034576,985774707
106196404,JOYCE EISENBERG KEEFER MEDICAL CENTER,4341479,157379,3867526,21818611,0,0,2473263,0,5470807,56859201
106074097,KAISER FOUNDATION HOSPITAL - ANTIOCH,10046337,97059834,6191718,37135113,0,8911058,233268120,0,171485,0
106196035,KAISER FOUNDATION HOSPITAL - BALDWIN PARK,8888215,141327865,9915791,58128162,0,11568584,380648756,0,253740,0
106196403,KAISER FOUNDATION HOSPITAL - DOWNEY,12556392,171912270,18904777,96304448,0,15480238,535234405,0,361913,0
106361223,KAISER FOUNDATION HOSPITAL - FONTANA,30991902,308025997,44462402,170834923,0,56164125,899609464,0,626013,0
106014132,KAISER FOUNDATION HOSPITAL - FREMONT,5081461,79542722,2568313,11154179,0,5339419,179493938,0,437898,0
106104062,KAISER FOUNDATION HOSPITAL - FRESNO,4629348,129750745,3899021,3283706,0,6444482,302427424,0,150042,0
106190429,KAISER FOUNDATION HOSPITAL - LOS ANGELES,31732648,368901160,25652374,133961584,0,20240795,775384593,0,244499,0
106394009,KAISER FOUNDATION HOSPITAL - MANTECA,7127670,111757042,6796018,24586390,0,10439667,473282073,0,583478,0
106334048,KAISER FOUNDATION HOSPITAL - MORENO VALLEY,3272206,49210886,3755236,31823853,0,6524756,121755124,0,142400,0
106014326,KAISER FOUNDATION HOSPITAL - OAKLAND/RICHMOND,39593233,215750328,32445834,92208327,0,26846517,598278085,0,465803,0
106304409,KAISER FOUNDATION HOSPITAL - ORANGE CO - ANAHEIM,6798341,262109895,10653132,107885027,0,15223893,762767286,0,123824,0
106190432,KAISER FOUNDATION HOSPITAL - PANORAMA CITY,9384771,107288150,10008327,52370294,0,10681485,293602025,0,126683,0
106414139,KAISER FOUNDATION HOSPITAL - REDWOOD CITY,5909634,89481763,4581446,15226212,0,6883306,239722226,0,241036,0
106334025,KAISER FOUNDATION HOSPITAL - RIVERSIDE,9552342,120457437,7952921,79061090,0,12739887,349802690,0,160132,0
106314024,KAISER FOUNDATION HOSPITAL - ROSEVILLE,15558817,269146288,22460256,107740318,0,13893686,776140967,0,776631,0
106340913,KAISER FOUNDATION HOSPITAL - SACRAMENTO,23707179,217849418,27413880,78316013,0,21530940,381149118,0,386367,0
106370730,KAISER FOUNDATION HOSPITAL - SAN DIEGO,17946618,299544451,10827503,103710204,0,14804024,738461462,0,184576,0
106380857,KAISER FOUNDATION HOSPITAL - SAN FRANCISCO,11649025,228927236,4422622,30782621,0,6452055,437269697,0,229246,0
106431506,KAISER FOUNDATION HOSPITAL - SAN JOSE,10559083,139687978,6255400,30113903,0,12198336,398253439,0,92953,0
106014337,KAISER FOUNDATION HOSPITAL - SAN LEANDRO,10482374,143283582,5790200,47493384,0,9240222,427169076,0,436977,0
106210992,KAISER FOUNDATION HOSPITAL - SAN RAFAEL,3009499,81822883,1495038,9497257,0,2736419,110321817,0,374409,0
106434153,KAISER FOUNDATION HOSPITAL - SANTA CLARA,16511345,241516964,11912040,40137293,0,17348737,728657604,0,101600,0
106494019,KAISER FOUNDATION HOSPITAL - SANTA ROSA,4909604,126780332,4153927,45956411,0,4186161,201537121,0,86511,0
106190431,KAISER FOUNDATION HOSPITAL - SOUTH BAY,11883626,137250646,8395829,47726319,0,12305023,336240253,0,147125,0
106342344,KAISER FOUNDATION HOSPITAL - SOUTH SACRAMENTO,33773760,200565325,36807167,109045829,0,32897726,422621643,0,545338,0
106410806,KAISER FOUNDATION HOSPITAL - SOUTH SAN FRANCISCO,4415386,89323700,3168932,11452674,0,5611311,167724304,0,57270,0
106484044,KAISER FOUNDATION HOSPITAL - VACAVILLE,8923253,96830187,5546503,16562335,0,10432460,203962596,0,227209,0
106070990,KAISER FOUNDATION HOSPITAL - WALNUT CREEK,7110383,150011775,5139680,24836688,0,11715924,342865249,0,225635,0
106190434,KAISER FOUNDATION HOSPITAL - WEST LOS ANGELES,15683505,107850702,15128500,60968081,0,14557598,271622645,0,407937,0
106191450,KAISER FOUNDATION HOSPITAL - WOODLAND HILLS,5809970,131185825,4207342,28097421,0,7591790,209811903,0,98113,0
106480989,KAISER FOUNDATION HOSPITAL REHABILITATION CENTER - VALLEJO,17542065,128865853,8389394,77864755,0,10105743,276316184,0,263913,0
106015000,KAISER FOUNDATION NORTHERN REGION,0,0,0,0,0,0,0,0,0,22696943520
106191300,KAISER FOUNDATION SOUTHERN REGION,0,0,0,0,0,0,0,0,0,16720686815
106434218,KAISER PERMANENTE PHF - SANTA CLARA,72256,1340639,59769,42370,0,123643,13225247,0,177,0
106540734,KAWEAH DELTA MEDICAL CENTER,196647461,96558221,119337358,86455050,619752,35867437,161738184,0,33816496,941938734
106194219,KECK HOSPITAL OF USC,365974864,134294921,131432525,156272170,0,22377846,586770843,-4190919,1975196,3023585904
106190150,KEDREN COMMUNITY MENTAL HEALTH CENTER,0,0,0,0,19207536,21748621,0,0,0,16368137
106210993,KENTFIELD HOSPITAL,25201721,9913182,50508,15471592,0,23779790,0,0,1924746,23525524
106150736,KERN MEDICAL CENTER,30959068,8255650,78012392,259093651,748739,7532651,65571976,1,10615491,498626134
106150737,KERN VALLEY HOSPITAL DISTRICT,2455572,2697918,12786378,8172900,0,1737690,1748060,0,1033229,38737343
106190049,KINDRED HOSPITAL - BALDWIN PARK,29450074,7646672,407665,9513807,0,10943117,0,0,0,26483151
106301127,KINDRED HOSPITAL - BREA,18795972,6749262,1315635,6759374,0,12220670,0,0,0,22455850
106190449,KINDRED HOSPITAL - LA MIRADA,49581730,19611354,109020,15156378,0,14836961,0,0,0,55695972
106190305,KINDRED HOSPITAL - LOS ANGELES,20626997,8359783,260917,6916918,0,14377551,0,0,0,28263816
106361274,KINDRED HOSPITAL - ONTARIO,7071196,15097448,402394,17250509,0,17952847,0,0,0,51843311
106190599,KINDRED HOSPITAL - PARAMOUNT,27366263,9030652,866222,16191122,0,5237919,0,0,0,40360564
106364188,KINDRED HOSPITAL - RANCHO,11510150,9029222,36196,10578701,0,9368690,0,0,0,11390864
106332172,KINDRED HOSPITAL - RIVERSIDE,7776612,3837400,706673,9542675,0,4452609,0,0,0,11491221
106370721,KINDRED HOSPITAL - SAN DIEGO,11148531,7405531,297949,9258749,0,11379156,0,0,0,22491024
106010887,KINDRED HOSPITAL - SAN FRANCISCO BAY AREA,16837023,7820364,2098945,29493230,0,10429574,0,0,0,30492999
106190196,KINDRED HOSPITAL - SOUTH BAY,15881775,4331918,249956,5562960,0,6052401,0,0,0,19442156
106301380,KINDRED HOSPITAL - WESTMINSTER,27876322,12374977,74278,8047405,0,20560560,0,0,0,42708844
106190661,L.A. DOWNTOWN MEDICAL CENTER,25038948,1356945,37232120,37007696,0,6727251,0,0,723511,69554351
106194981,LA CASA PSYCHIATRIC HEALTH FACILITY,0,0,0,0,289034,3865452,0,0,0,1249902
106301234,LA PALMA INTERCOMMUNITY HOSPITAL,15311917,7169388,7898431,9964424,0,7292188,2118500,0,518905,77006615
106191227,LAC/HARBOR - UCLA MEDICAL CENTER,85449242,35773265,248621563,812348069,27930491,56355000,34092999,0,1111628,2599378921
106191231,LAC/OLIVE VIEW - UCLA MEDICAL CENTER,53021073,10921111,184692358,337693091,25534730,28059674,37337187,0,1035191,1139648389
106191306,LAC/RANCHO LOS AMIGOS NATIONAL REHABILITATION CENTER,19828830,2203479,97765419,310286610,18921868,4654470,4475212,0,116535,1238400095
106191228,LAC/USC MEDICAL CENTER,121963884,39436310,439545460,839568774,61826281,71547426,52059315,0,1462906,2862836452
106380865,LAGUNA HONDA HOSPITAL AND REHABILITATION CENTER,7079469,12080,179626232,316737,0,426346,21671,0,250895,643674454
106304583,LAGUNA TREATMENT HOSPITAL,0,0,0,0,0,0,0,0,13238726,15649733
106190240,LAKEWOOD REGIONAL MEDICAL CENTER,38586094,84858502,18662582,37220205,0,2603364,79267674,82560,1519989,294912484
106380868,LANGLEY PORTER PSYCHIATRIC INSTITUTE,6281614,1368923,1,-8356,0,0,18427815,0,1127983,37795734
106364014,LOMA LINDA UNIVERSITY BEHAVIORAL MEDICINE CENTER,1170874,1104242,12210983,0,0,3424896,17995439,0,196575,40574575
106364502,LOMA LINDA UNIVERSITY CHILDREN'S HOSPITAL,575896,216266,317547950,149194078,0,48262155,47170362,0,5839324,1566782636
106361246,LOMA LINDA UNIVERSITY MEDICAL CENTER,328123766,236446277,254683453,240402442,0,124955778,180412784,0,23995029,4089849527
106334589,LOMA LINDA UNIVERSITY MEDICAL CENTER - MURRIETA,84175293,77676275,13096192,43381215,0,34207242,40185579,0,5668191,354201453
106420491,LOMPOC VALLEY MEDICAL CENTER,29545081,7766523,1860362,33811089,96230,52541295,4720888,0,4186890,148584613
106301248,LOS ALAMITOS MEDICAL CENTER,48450049,59575895,5787212,15382127,0,4220144,104368208,0,145140,220188034
106190198,LOS ANGELES COMMUNITY HOSPITAL,40788639,19207968,40088208,86346463,0,1667200,9234030,0,62553,656609492
106560492,LOS ROBLES HOSPITAL AND MEDICAL CENTER,162536971,34961885,13005456,29891609,0,30935807,254396731,-480374,3460356,1610972260
106434040,LUCILE SALTER PACKARD CHILDREN'S HOSPITAL AT STANFORD,9807445,0,476563783,24944579,0,25579317,1453295538,0,45163933,3584700291
106121002,MAD RIVER COMMUNITY HOSPITAL,24514082,2472607,1823140,13514401,0,4301199,10397450,36098,59131,41563723
106201281,MADERA COMMUNITY HOSPITAL,13131767,11868018,19295890,41803958,389184,4755679,4036267,8417,469338,81963115
106260011,MAMMOTH HOSPITAL,15436427,1397519,4986732,7768608,0,58589156,3709572,0,2179867,189282151
106420493,MARIAN MEDICAL CENTER,181637173,30198029,36197698,122711440,0,29485292,261768446,-183023,7231161,527879774
106244027,MARIE GREEN PSYCHIATRIC CENTER - PHF,0,0,0,7627761,0,91565,0,0,511827,0
106211006,MARIN GENERAL HOSPITAL,118573123,25461143,13931483,49540734,11568,18963294,227904184,0,17782552,552164711
106050932,MARK TWAIN MEDICAL CENTER,27048361,2303774,920400,8896356,0,3144968,26444458,301030,6505,53841385
106090933,MARSHALL MEDICAL CENTER,84665905,22717025,12303065,49678405,16116,7899591,103854487,2528,6719858,353726329
106191230,"MARTIN LUTHER KING, JR. COMMUNITY HOSPITAL",28793101,21734871,201079402,71712924,14589134,18898037,0,0,0,568412226
106450936,MAYERS MEMORIAL HOSPITAL,11478875,931583,-62244,18489359,0,4437236,0,255136,875240,64506553
106240924,MEMORIAL HOSPITAL LOS BANOS,19146992,7358564,12821360,21235700,0,6918851,33788080,0,44732,36288100
106500939,MEMORIAL HOSPITAL MODESTO,136333105,81284534,46914256,111791979,760,29266887,347310370,-1,633313,342352151
106190521,MEMORIAL HOSPITAL OF GARDENA,23386817,18447472,24620935,102964331,0,3300156,2681490,0,2222166,200539176
106190525,MEMORIALCARE LONG BEACH MEDICAL CENTER,107655274,128699583,57889300,132779816,29962,6625753,300524737,1308385,4002530,1607086846
106196168,MEMORIALCARE MILLER CHILDREN'S & WOMEN'S HOSPITAL LONG BEACH,267423,168691,142961432,95633390,0,3306145,184074244,252189,1849980,332363140
106300225,MEMORIALCARE ORANGE COAST MEDICAL CENTER,54307142,93477415,5347071,27383980,0,3563349,202654170,312487,1376746,347745146
106301317,MEMORIALCARE SADDLEBACK MEDICAL CENTER,65335082,102593068,5153767,14493333,0,5177077,225539019,423634,1401686,765415247
106334018,MENIFEE GLOBAL MEDICAL CENTER,8852379,14540520,13996253,5313711,0,938197,5374908,0,403663,19885343
106340947,MERCY GENERAL HOSPITAL,126204273,130961150,13204006,83217106,0,13491943,248446101,0,622735,586640136
106150761,MERCY HOSPITAL - BAKERSFIELD,44468654,46987553,14167468,75846027,0,5415059,174781756,1843353,163386,478001342
106344029,MERCY HOSPITAL - FOLSOM,43333978,20738899,6454232,29844738,0,5902827,168884777,369918,38034,707337933
106240942,MERCY MEDICAL CENTER - MERCED,86339654,15751721,10736894,104052940,0,7158086,141725480,-5961193,716422,468734791
106470871,MERCY MEDICAL CENTER - MT. SHASTA,24588803,4098884,1005081,9397260,0,5098641,24839252,50854,19303,79452492
106450949,MERCY MEDICAL CENTER - REDDING,166739789,19232042,8782456,103530024,0,27297123,222385617,0,492024,1337633513
106340950,MERCY SAN JUAN MEDICAL CENTER,125577419,93950975,44587791,149758815,0,16890427,275252635,1314925,256367,523952081
106013687,MERRITT PERALTA INSTITUTE CDRH,13795,0,0,11543,0,842251,10069960,0,246248,1086942
106340951,METHODIST HOSPITAL - SACRAMENTO,43644921,28482891,41111838,83169415,0,6457241,89965184,127934,0,186750444
106190529,METHODIST HOSPITAL OF SOUTHERN CALIFORNIA,83041169,54797882,20756206,23878326,0,2082851,79000614,-3,1586347,618751334
106190958,METROPOLITAN STATE HOSPITAL,0,0,0,0,0,0,0,0,0,0
106410852,MILLS-PENINSULA MEDICAL CENTER,115779015,82598300,24973648,21187510,0,19825896,424287991,0,1258068,593710204
106190524,MISSION COMMUNITY HOSPITAL - PANORAMA,30650175,14894959,29908800,44878953,0,26755787,9779603,0,106269,98985250
106254005,MODOC MEDICAL CENTER,11531292,165705,1067853,14710452,0,1997498,0,0,1305072,90908173
106190541,MONROVIA MEMORIAL HOSPITAL,15184292,0,0,0,0,0,0,0,0,15596047
106361166,MONTCLAIR HOSPITAL MEDICAL CENTER,9538826,7190956,10284704,19345230,0,14355822,958612,0,583777,125524253
106190547,MONTEREY PARK HOSPITAL,8618843,4400117,14936906,37649007,0,2784608,30097101,0,3061483,76250656
106190552,MOTION PICTURE AND TELEVISION HOSPITAL,1593894,0,15954535,0,0,0,189570,4442472,5440879,127765662
106361266,MOUNTAINS COMMUNITY HOSPITAL,4673200,4189601,5563264,7693319,0,601293,4595326,17545,792602,60746702
106281266,NAPA STATE HOSPITAL,0,0,0,0,0,0,0,0,0,0
106274043,NATIVIDAD MEDICAL CENTER,59301791,0,90028988,186452743,0,69499611,0,0,862979,495658888
106301304,NEWPORT BAY HOSPITAL,9678534,965340,0,0,0,18855,0,0,0,526190
106514033,NORTH VALLEY BEHAVIORAL HEALTH - PHF,0,0,0,0,0,0,0,0,0,1245697
106481357,NORTHBAY MEDICAL CENTER,160542399,27364622,71679389,139098917,244474,137492651,4287960,-14,119557413,886662508
106141273,NORTHERN INYO HOSPITAL,39544843,2493081,3943893,5798453,0,44493300,0,0,657375,163553408
106190568,NORTHRIDGE HOSPITAL MEDICAL CENTER,85161900,59760727,36393679,69449298,0,7955206,171637168,2260693,1553926,540239253
106214034,NOVATO COMMUNITY HOSPITAL,24451954,4283116,4012114,7371767,6552,4114234,37454043,0,146429,50467071
106500967,OAK VALLEY HOSPITAL DISTRICT,4276113,4527208,5805137,40039780,0,13454633,2549476,0,357009,122961548
106198495,OCEAN VIEW PSYCHIATRIC HEALTH FACILITY,4790974,424959,0,0,0,3892982,820882,0,167905,15391093
106560501,OJAI VALLEY COMMUNITY HOSPITAL,13602588,3687625,916502,6805770,0,373797,9298651,0,760075,40881496
106301566,ORANGE COUNTY GLOBAL MEDICAL CENTER,15667792,18258377,24575502,47585908,0,5884003,88259081,2,1112566,113892089
106040802,ORCHARD HOSPITAL,4261780,0,1574356,6790363,0,7147552,0,0,2172465,15903775
106040937,OROVILLE HOSPITAL,106575193,24948626,21376427,125826238,345525,53077894,17439296,0,4434338,519632480
106331226,PACIFIC GROVE HOSPITAL,4675890,6214700,211567,2967363,56557,3094933,2212148,0,4280,24855680
106190696,PACIFICA HOSPITAL OF THE VALLEY,4319649,8077564,33341660,46273804,0,560744,825817,0,214831,84563297
106196405,PALMDALE REGIONAL MEDICAL CENTER,41632885,40681752,16192354,58114823,0,13402516,47831625,0,428034,243261012
106331288,PALO VERDE HOSPITAL,1459799,405307,2924948,1379246,0,3673125,1723340,0,2343396,21568654
106374382,PALOMAR MEDICAL CENTER,98387946,123362223,41451508,96202804,0,24114452,147296604,0,56519366,7218316961
106370977,PALOMAR MEDICAL CENTER POWAY,36849372,40228749,6384309,60153980,0,6215293,73220028,0,8313359,1983191686
106370759,PARADISE VALLEY HOSPITAL,29841468,12421422,36507540,42858647,151743,16743018,1580193,0,670869,116860069
106454013,PATIENTS' HOSPITAL OF REDDING,1802633,0,0,64295,0,490081,1391890,0,215766,2608414
106361768,PATTON STATE HOSPITAL,0,0,0,0,0,0,0,0,0,0
106491001,PETALUMA VALLEY HOSPITAL,23733560,6937799,3069388,16284468,11096,1661821,37677719,10134,0,103958463
106190243,PIH HOSPITAL - DOWNEY,28716605,44753189,18662659,35157202,0,1027155,48176896,544135,571538,167649889
106130760,PIONEERS MEMORIAL HEALTHCARE DISTRICT,29291370,11590501,10917204,45853754,0,7179695,20868164,0,440380,102250988
106301297,PLACENTIA LINDA HOSPITAL,14806589,19963424,2591847,12813519,335,1390007,57147029,0,2261506,193661166
106320986,PLUMAS DISTRICT HOSPITAL,6801981,3797231,18734961,1746254,0,2368262,0,0,284012,32436642
106190630,POMONA VALLEY HOSPITAL MEDICAL CENTER,154036177,92526285,150992667,118826048,448958,71957928,45498374,1,51401756,763775791
106541123,PORTERVILLE STATE HOSPITAL,0,0,0,0,0,0,0,0,0,0
106190631,PRESBYTERIAN INTERCOMMUNITY HOSPITAL,102990554,172947118,36701344,49257556,0,7889501,326981306,1689890,588571,1740347396
106361343,PROVDENCE ST. MARY MEDICAL CENTER,40528798,69464793,19228869,88989452,0,6469312,130444074,4233,6019163,611156049
106190385,PROVIDENCE HOLY CROSS MEDICAL CENTER,88432429,67873202,83835310,122191867,0,17679564,176734069,0,809880,440321744
106190680,PROVIDENCE LITTLE COMPANY OF MARY MC - SAN PEDRO,43283729,29425984,32398856,45879987,0,1364836,38169764,0,435335,118434969
106190470,PROVIDENCE LITTLE COMPANY OF MARY MC - TORRANCE,72382088,92902090,31479882,43281474,0,9149557,179703393,-10879,19830094,296708799
106301262,PROVIDENCE MISSION HOSPITAL,120424286,91869497,23335952,41617107,0,23897684,366169815,0,70322600,707604622
106281047,PROVIDENCE QUEEN OF THE VALLEY MEDICAL CENTER,84788666,20065126,8427770,51997274,62820,10833494,117491994,148711,218239,439496419
106121051,PROVIDENCE REDWOOD MEMORIAL HOSPITAL,20965152,1160732,946881,8493563,3376,2312457,16618553,0,0,168908650
106491064,PROVIDENCE SANTA ROSA MEMORIAL HOSPITAL,177301436,54886439,6182371,110306587,162358,19580596,231041333,0,0,581650528
106190756,PROVIDENCE ST. JOHN'S HEALTH CENTER,133243376,21506441,14701492,15982836,0,10195516,205366707,0,0,655559137
106301340,PROVIDENCE ST. JOSEPH HOSPITAL,129530080,155389324,39035591,93518163,0,23176478,352989610,1,1284234,922917997
106121080,PROVIDENCE ST. JOSEPH HOSPITAL - EUREKA,102774910,7872604,3843943,80456704,0,10909417,100764055,4,0,324738368
106190758,PROVIDENCE ST. JOSEPH MEDICAL CENTER,132033867,55273587,34750909,50106207,0,7732308,171496959,12768,3488217,400325512
106301342,PROVIDENCE ST. JUDE MEDICAL CENTER,106220603,174487791,22565061,43439170,0,14253170,408621993,96825,2204514,1117041775
106190517,PROVIDENCE TARZANA MEDICAL CENTER,77921778,27758223,21200192,32805141,0,3374544,128755266,0,96863,727437119
106370673,RADY CHILDREN'S HOSPITAL - SAN DIEGO,1598179,0,465877135,66162697,7125624,50980450,498513978,0,4133607,3259665996
106361308,REDLANDS COMMUNITY HOSPITAL,31869824,121121099,23346716,13377409,0,2133825,157184820,1009116,4337115,575689066
106430705,REGIONAL MEDICAL CENTER OF SAN JOSE,107712737,76949023,52677280,53562012,0,35758155,99915190,0,3981115,398882734
106190930,RESNICK NEUROPSYCHIATRIC HOSPITAL AT UCLA,10927595,3196552,2934643,694821,0,193095,47000395,10106955,231183,78627274
106454068,RESTPADD PSYCHIATRIC HEALTH FACILITY,0,0,0,0,4604390,0,0,0,0,1021457
106524017,RESTPADD RED BLUFF PSYCHIATRIC HEALTH FACILITY,0,0,0,0,0,4144655,0,0,0,1074201
106150782,RIDGECREST REGIONAL HOSPITAL,33286481,0,51480420,6326745,0,64375324,0,1,390733,182576013
106331312,RIVERSIDE COMMUNITY HOSPITAL,167238818,147433321,68493889,99739047,0,48831455,214684201,-9618522,3866156,1539860000
106334487,RIVERSIDE UNIVERSITY HEALTH SYSTEM MEDICAL CENTER,51951781,57893592,112321257,322968740,0,115895278,79833122,0,1858822,863970567
106190796,RONALD REAGAN UCLA MEDICAL CENTER,487909477,194775445,182490355,219080999,95774,14133770,1160553590,0,45476605,5137884145
106344011,SACRAMENTO MENTAL HEALTH TREATMENT CENTER - PHF,0,0,0,0,0,0,0,0,0,0
106270875,SALINAS VALLEY MEMORIAL HOSPITAL,117344947,17803152,8730297,37217215,0,6576787,388570253,-2,15213267,1076073719
106361318,SAN ANTONIO REGIONAL HOSPITAL,61945512,117164066,24552581,60221616,0,76752009,83508513,0,1113471,729122263
106374055,SAN DIEGO COUNTY PSYCHIATRIC HOSPITAL,2284565,0,28645691,27834106,28529013,0,0,0,14330365,129458655
106190673,SAN DIMAS COMMUNITY HOSPITAL,10610162,10916565,3968048,9355986,0,8442286,14440400,0,531892,49293057
106190200,SAN GABRIEL VALLEY MEDICAL CENTER,56912328,23741492,19273033,29365999,0,6376710,61473347,0,433196,77776400
106331326,SAN GORGONIO MEMORIAL HOSPITAL,9438528,20707128,5486791,18295199,0,7390642,8992260,0,2291233,113846353
106394003,SAN JOAQUIN - PHF,0,0,0,0,0,0,0,0,0,0
106391010,SAN JOAQUIN GENERAL HOSPITAL,60692093,0,87864806,159316763,-1,163809879,0,1185,2212659,596839345
106104023,SAN JOAQUIN VALLEY REHABILITATION HOSPITAL,23351105,3207246,776720,3624537,0,0,7437331,0,25508,12020759
106434032,SAN JOSE BEHAVIORAL HEALTH,4528281,2537101,2863306,14919943,0,456061,20544384,4609,34859,56342883
106404046,SAN LUIS OBISPO COUNTY - PHF,0,0,0,0,548659,1352118,15528,0,0,0
106410782,SAN MATEO MEDICAL CENTER,19190256,21332950,107046576,252402867,-419451,6488642,0,1,4424912,372015508
106074017,SAN RAMON REGIONAL MEDICAL CENTER,36410422,22562690,1934672,4596479,0,6730197,110993372,0,0,316451842
106420514,SANTA BARBARA COTTAGE HOSPITAL,202943066,27363321,37455903,67528174,0,13993646,421543938,0,1194647,2134850221
106424002,SANTA BARBARA PSYCHIATRIC HEALTH FACILITY,0,0,0,0,0,0,0,0,0,0
106430883,SANTA CLARA VALLEY MEDICAL CENTER,272969125,166733425,556952415,955655246,5424485,64656180,330151479,67484516,0,1038817654
106190687,SANTA MONICA - UCLA MEDICAL CENTER AND ORTHOPAEDIC HOSPITAL,166315523,129234773,47907747,33868995,102086,3059188,386847002,-1,12584920,1537866390
106420522,SANTA YNEZ VALLEY COTTAGE HOSPITAL,12196446,1098794,200156,1559776,0,626194,9763799,0,110433,74746428
106371256,SCRIPPS GREEN HOSPITAL,95947524,60016052,974482,1276262,0,1650089,214103075,-1,2797463,1236556794
106371394,SCRIPPS MEMORIAL HOSPITAL - ENCINITAS,76558379,52818715,6023908,25692444,0,1703547,197936984,0,1130357,401607650
106370771,SCRIPPS MEMORIAL HOSPITAL - LA JOLLA,163964029,91461244,25206834,41870537,0,7254431,498549893,0,7753525,1723640784
106370744,SCRIPPS MERCY HOSPITAL,115222211,147217051,126611451,166913476,0,11411614,255203391,-3122,5415883,599548870
106374094,SELECT SPECIALTY HOSPITAL - SAN DIEGO,22917212,10523602,66624,14143013,0,13698056,0,0,269641,49539661
106124004,SEMPERVIRENS P.H.F.,3500606,0,0,0,0,5888223,0,0,0,0
106321016,SENECA HEALTHCARE DISTRICT,6482025,0,2459411,3854892,0,3643662,0,0,399618,20818601
106410891,SEQUOIA HOSPITAL,82487945,16737788,1366961,6367921,0,3580348,177639795,658120,0,541662860
106370875,SHARP CHULA VISTA MEDICAL CENTER,83222082,69650610,52150076,126780784,76844,10847946,156684209,0,4017543,734278189
106370689,SHARP CORONADO HOSPITAL AND HEALTHCARE CENTER,16625638,10615917,13934602,40661223,0,4418420,49743511,0,859281,180166552
106370714,SHARP GROSSMONT HOSPITAL,184859403,89038466,84455205,219007775,78865,18620454,246212655,0,7822470,1423239892
106374049,SHARP MCDONALD CENTER,0,108850,0,0,0,3018,3486117,0,83700,17195332
106370694,SHARP MEMORIAL HOSPITAL,150225853,133054479,106346776,132932234,181252,29619487,737623532,0,951666,3616073701
106370745,SHARP MESA VISTA HOSPITAL,12857772,5399121,3077031,0,13267799,7233374,31787696,0,105602,239883608
106450940,SHASTA REGIONAL MEDICAL CENTER,69637177,6623243,16324277,31635393,0,25463100,13665996,40800,2759126,142022460
106190708,SHERMAN OAKS HOSPITAL,35376306,8625424,9694213,28707841,0,5114943,3394226,2,6956358,187922016
106344114,SHRINERS HOSPITAL FOR CHILDREN - NORTHERN CALIFORNIA,0,0,10619606,8300613,0,1605522,12367819,0,0,70873868
106291023,SIERRA NEVADA MEMORIAL HOSPITAL,62037130,16563285,6533648,26120353,0,4693399,63647189,0,9232,321148641
106540798,SIERRA VIEW MEDICAL CENTER,39778070,15767683,15993124,36481957,0,4847743,41482112,-8835,130485,341834422
106342392,SIERRA VISTA HOSPITAL,6300176,3990936,4742655,0,27452649,2488908,18418912,0,72766,164060124
106400524,SIERRA VISTA REGIONAL MEDICAL CENTER,33647799,10491983,11420125,25794595,74952,4316144,92929854,1218,0,312176517
106491338,SONOMA SPECIALTY HOSPITAL,10837013,0,400319,0,0,16036755,0,0,16863,23725013
106491076,SONOMA VALLEY HOSPITAL,13929073,5866830,548717,12862498,0,20925170,813668,10804,2156902,83985450
106301258,SOUTH COAST GLOBAL MEDICAL CENTER,11872450,4987017,5362892,18721054,0,167056,7428392,0,672544,18411292
106190380,SOUTHERN CALIFORNIA HOSPITAL AT HOLLYWOOD,54763931,9965184,95309807,141785568,0,8021201,28794192,0,690093,328818830
106141338,SOUTHERN INYO HOSPITAL,32509,0,2210737,0,0,12480,0,0,8591910,9965578
106334068,SOUTHWEST HEALTHCARE SYSTEM - MURRIETA,36531934,91949143,26282262,36672303,0,16413018,144759108,1942288,19902840,562194935
106100899,ST. AGNES MEDICAL CENTER,179264506,75225403,22925751,128536583,0,71365100,80628815,0,3293389,722419355
106361339,ST. BERNARDINE MEDICAL CENTER,37582988,91074275,24136117,135482492,0,3618496,96017557,-4572402,1522845,286704169
106521041,ST. ELIZABETH COMMUNITY HOSPITAL,41923046,8605170,7132493,32976080,0,7245865,63200355,328788,234589,328887638
106190754,ST. FRANCIS MEDICAL CENTER,32407870,104195719,131327186,199159066,5769697,18331963,20101006,0,694343,769643422
106380960,ST. FRANCIS MEMORIAL HOSPITAL,34868143,12413276,15468379,23909930,0,12185472,78182601,905678,1230610,200941038
106560529,ST. JOHN'S REGIONAL MEDICAL CENTER,125751261,52333784,16104069,95890262,0,24584722,171144123,1553240,701269,537283103
106392232,ST. JOSEPH'S BEHAVIORAL HEALTH CENTER,4071704,5175963,0,1102609,0,167767,9152828,-55181,97,9656180
106391042,ST. JOSEPH'S MEDICAL CENTER OF STOCKTON,147571723,108505728,42585100,112878333,0,9272061,238308984,1432828,5167905,758245716
106190053,ST. MARY MEDICAL CENTER - LONG BEACH,40818486,32868790,42410135,162769467,0,6415059,70058432,51203,311636,288859694
106380965,ST. MARY'S MEDICAL CENTER - SAN FRANCISCO,59355906,32003243,7762302,10812340,0,5969774,85068967,477802,879206,258429588
106010967,ST. ROSE HOSPITAL,23653113,10881415,21305107,22444407,0,3834476,20499457,0,79899,71008486
106514005,STABLER LANE BEHAVIORAL HEALTH - PHF,0,0,0,0,0,0,0,0,0,1072329
106430905,STANFORD HEALTH CARE,847001301,255585436,112121022,235837981,0,373743541,3578278184,0,16958117,10339511381
106504038,STANISLAUS SURGICAL HOSPITAL,8397474,870496,65941,2770286,49293,13693572,518307,0,437931,41270922
106194967,STAR VIEW ADOLESCENT - PHF,0,0,0,0,0,4941078,0,0,0,26762242
106250955,SURPRISE VALLEY COMMUNITY HOSPITAL,4395401,6246,47428,3396682,0,173166,16343,0,93667,8265237
106514001,SUTTER - YUBA - PHF,0,0,0,0,0,1481492,1212,0,483728,0
106034002,SUTTER AMADOR HOSPITAL,31641326,7068807,6334238,11288945,2433,11980141,40318876,0,44639,64083426
106310791,SUTTER AUBURN FAITH HOSPITAL,56133493,29091254,7353725,17927394,152,12808226,65550980,0,353138,66117911
106344017,SUTTER CENTER FOR PSYCHIATRY,4585770,2187325,3363167,10128,0,7282455,24761319,0,22136,16759505
106084001,SUTTER COAST HOSPITAL,34771337,1333888,7391242,18674002,11932,7778589,31430143,0,75068,47113490
106574010,SUTTER DAVIS HOSPITAL,27441500,15155858,9754192,14904072,0,4882553,89153060,0,114355,78015693
106070934,SUTTER DELTA MEDICAL CENTER,46449617,18234877,29963538,42820273,0,9548150,74368157,0,273000,121275676
106171395,SUTTER LAKESIDE HOSPITAL,26358391,3199500,7136252,19584497,14162,7019794,26870328,0,69367,47360982
106444012,SUTTER MATERNITY AND SURGERY CENTER OF SANTA CRUZ,19177903,3853618,1572621,2494571,78563,1727146,57653389,0,294292,41780569
106341051,SUTTER MEDICAL CENTER - SACRAMENTO,226606346,119349487,118786639,172891564,11017,89602875,615417270,1,858954,1216747268
106311000,SUTTER ROSEVILLE MEDICAL CENTER,216438345,108021466,37624088,73395173,1061,47288647,477042586,0,1302434,543299683
106494106,SUTTER SANTA ROSA REGIONAL HOSPITAL,82164745,22003497,24251056,52328725,75463,17367918,149641444,0,309883,421525247
106481094,SUTTER SOLANO MEDICAL CENTER,38921200,10911084,17630962,30000457,588,5586192,39793582,-1,147172,77242482
106514030,SUTTER SURGICAL HOSPITAL - NORTH VALLEY,10098032,722874,1447,689031,0,1817942,19949797,0,687274,18971647
106391056,SUTTER TRACY COMMUNITY HOSPITAL,22550166,11172556,13569013,17870873,0,7364311,90114192,0,265482,83720944
106291053,TAHOE FOREST HOSPITAL,58834986,4981566,13303238,17088683,0,18958997,128213633,530756,7141929,417218875
106190782,TARZANA TREATMENT CENTER,805475,0,10086519,0,1187957,1262726,0,0,54951,72679853
106094002,TELECARE EL DORADO COUNTY P.H.F.,0,0,56488,0,466172,4461087,0,0,0,2536656
106014207,TELECARE HERITAGE - PHF,301177,0,0,430439,76144,0,9045593,0,0,10395118
106334457,TELECARE RIVERSIDE COUNTY PSYCHIATRIC HEALTH FACILITY,0,0,44733,0,719501,1000768,3496792,0,0,2866045
106444029,TELECARE SANTA CRUZ - PHF,1893816,0,1733761,0,756414,0,3605637,0,0,5600077
106504081,TELECARE STANISLAUS COUNTY - PHF,0,0,103871,0,694156,5344530,0,0,0,3042460
106014226,TELECARE WILLOW ROCK CENTER - PHF,0,0,0,0,1063162,4467866,2408499,0,0,7653693
106334564,TEMECULA VALLEY HOSPITAL,57878038,48224270,15752326,20074436,0,12904817,76292447,1262918,5595438,190506604
106400548,TENET HEALTH CENTRAL COAST TWIN CITIES COMMUNITY HOSPITAL,27451763,7898382,6515787,20004520,32744,1460438,61371628,314550,0,245702843
106330120,THE BETTY FORD CENTER,0,0,0,0,0,22471122,0,-109468,191581,31019381
106191225,TOM REDGATE MEMORIAL RECOVERY CENTER,0,0,0,0,4319304,0,0,0,0,2894688
106190422,TORRANCE MEMORIAL MEDICAL CENTER,150576225,154673313,21958508,28939383,0,6273389,398857991,0,2426251,1238980352
106364451,TOTALLY KIDS REHABILITATION HOSPITAL,0,0,27329445,2421350,0,0,951871,0,0,8935224
106370780,TRI-CITY MEDICAL CENTER,53056834,67331366,42733427,36846115,0,30231977,86764192,10935,5234176,246949276
106531059,TRINITY HOSPITAL,8366362,0,884828,15777918,0,3677347,0,0,500005,27637008
106010776,UCSF BENIOFF CHILDREN'S HOSPITAL OAKLAND,2984390,0,207541663,198089515,0,9405390,221764477,1,1653235,925374528
106381154,UCSF MEDICAL CENTER,761033432,282967384,172924590,390930089,180054064,146975742,3006085640,0,80451161,8310081894
106341006,UNIVERSITY OF CALIFORNIA DAVIS MEDICAL CENTER,565253481,132788940,280101775,573027780,1326761,89854121,1406009311,3973434,33554,4703760497
106301279,UNIVERSITY OF CALIFORNIA IRVINE MEDICAL CENTER,298936257,89333421,159292291,295399016,3756996,15223744,741633532,5406239,0,3218524491
106370782,UNIVERSITY OF CALIFORNIA SAN DIEGO MEDICAL CENTER,519836135,263374576,326400437,524587642,271449,57736739,1420079972,10842776,0,3758343109
106191216,USC KENNETH NORRIS JR. CANCER HOSPITAL,154285353,33720956,11091238,30662971,0,6164688,214084814,-1517603,756164,247652786
106190818,USC VERDUGO HILLS HOSPITAL,48358600,65163109,10131278,25448220,0,0,8861859,150225,-5096803,82044598
106204019,VALLEY CHILDREN'S HOSPITAL,467136,0,264755345,105693491,0,8340011,247567777,0,2464617,2106397734
106190812,VALLEY PRESBYTERIAN HOSPITAL,45596196,23727085,71418615,293192646,0,5139897,31566153,0,210428,663962515
106014050,VALLEYCARE MEDICAL CENTER,71142813,17521306,9460659,9144571,0,16014591,216389546,0,7510288,341971085
106560481,VENTURA COUNTY MEDICAL CENTER,44205419,10482402,99659133,205624015,0,18674653,49084783,0,1773864,692305756
106454012,VIBRA HOSPITAL OF NORTHERN CALIFORNIA,21202142,990591,0,14187090,0,0,3573338,0,0,9602874
106344035,VIBRA HOSPITAL OF SACRAMENTO,13225743,5372482,220782,9634336,0,16209671,0,0,0,66955528
106334533,VIBRA REHABILITATION HOSPITAL OF RANCHO MIRAGE,17470127,968996,427697,887150,0,1587890,0,0,0,8488349
106361370,VICTOR VALLEY GLOBAL MEDICAL CENTER,15771466,12258115,2137152,53674202,0,10718102,4255648,0,1751563,77732869
106010987,WASHINGTON HOSPITAL - FREMONT,126933683,27991263,18897616,30265360,0,20973113,285385452,1487,5671662,1294596308
106444013,WATSONVILLE COMMUNITY HOSPITAL,22639991,5429769,15399623,39922146,0,3762486,32381322,0,85758,85969166
106301379,WEST ANAHEIM MEDICAL CENTER,35070261,21673103,16208754,40357110,0,16098611,9261602,0,771949,176695285
106190857,WEST COVINA MEDICAL CENTER,3801068,1093073,1155019,1501617,0,4938284,8074621,0,22746,9066566
106190859,WEST HILLS HOSPITAL AND MEDICAL CENTER,77946688,37715889,7556377,14687404,0,14834032,93750939,0,3270831,1300459917
106190883,WHITTIER HOSPITAL MEDICAL CENTER,12105629,21096549,24583199,39596984,0,1719057,24174165,0,228671,103756664
106571086,WOODLAND MEMORIAL HOSPITAL,32773448,28129783,14233771,29692487,0,5732043,98577948,0,84442,127384705
106380939,ZUCKERBERG SAN FRANCISCO GENERAL HOSPITAL & TRAUMA CENTER,145542749,32633921,158033852,270544528,2241388,89075053,115165173,0,0,839566944
